,latest,pct_reported,cl_ibnr,bf_ibnr,difference,mack_se
1981,18834.00,1.00,0.00,0.00,0.00,0.00
1982,16704.00,0.99,153.95,159.56,5.61,206.22
1983,23466.00,0.97,617.37,465.80,-151.57,623.38
1984,27067.00,0.94,1636.14,1077.22,-558.92,747.18
1985,26180.00,0.91,2746.74,1866.23,-880.50,1469.46
1986,15852.00,0.81,3649.10,3824.79,175.69,2001.86
1987,12314.00,0.69,5435.30,6509.64,1074.33,2209.24
1988,13112.00,0.55,10907.19,10039.04,-868.15,5357.87
1989,5395.00,0.34,10649.98,15261.25,4611.27,6333.17
1990,2063.00,0.11,16339.44,21231.35,4891.91,24566.29
